,code,geom,box
0,S_k_1,"                                            geometry
0  POLYGON ((131.12702 -13.08594, 131.10858 -13.0...","{'lats': [-13.085938878464573, -13.085938219729396, -13.06786012735315, -13.067859469559185], 'lons': [131.12702073220194, 131.10857859608646, 131.10857859608646, 131.12701938916152]}"
1,S_k_2,"                                            geometry
0  POLYGON ((131.39206 -14.13964, 131.37354 -14.1...","{'lats': [-14.139638101050135, -14.139637387220494, -14.121560821659969, -14.12156010877958], 'lons': [131.39206160019393, 131.37353766861096, 131.37353766861096, 131.3920601381752]}"
2,S_k_3,"                                            geometry
0  POLYGON ((131.39736 -14.16824, 131.37884 -14.1...","{'lats': [-14.168238079189077, -14.168237363857335, -14.15016084125536, -14.150160126873097], 'lons': [131.397362758014, 131.37883650915856, 131.37883650915856, 131.3973612927302]}"
3,S_k_4,"                                            geometry
0  POLYGON ((132.37991 -15.26784, 132.36129 -15.2...","{'lats': [-15.267837208631624, -15.267836435262302, -15.249761624280655, -15.249760851870006], 'lons': [132.37990924974451, 132.36128995390388, 132.36128995390388, 132.3799076573996]}"
4,S_k_5,"                                            geometry
0  POLYGON ((131.16170 -12.50324, 131.14330 -12.5...","{'lats': [-12.503239284731974, -12.503238656267273, -12.485159766752963, -12.485159139225333], 'lons': [131.16169961143632, 131.14329974922384, 131.14329974922384, 131.16169833314518]}"
5,S_k_6,"                                            geometry
0  POLYGON ((133.36200 -17.19194, 133.34320 -17.1...","{'lats': [-17.191935547246132, -17.19193467086973, -17.1738631303501, -17.173862254950482], 'lons': [133.36200008630303, 133.34319900228357, 133.34319900228357, 133.36199826380837]}"
6,S_k_216,"                                            geometry
0  POLYGON ((142.18048 -14.69134, 142.16191 -14.6...","{'lats': [-14.691337672328546, -14.69133692945767, -14.67326120657952, -14.673260464662395], 'lons': [142.18048439263768, 142.1619148445037, 142.1619148445037, 142.18048286728566]}"
7,S_k_227,"                                            geometry
0  POLYGON ((142.53212 -15.58874, 142.51348 -15.5...","{'lats': [-15.588736943635304, -15.588736153219646, -15.570661863570685, -15.570661074116543], 'lons': [142.53212355154648, 142.51347563327127, 142.51347563327127, 142.53212192153603]}"
8,S_k_228,"                                            geometry
0  POLYGON ((142.48662 -15.59934, 142.46798 -15.5...","{'lats': [-15.599336934798412, -15.59933614381881, -15.581261871557158, -15.581261081539159], 'lons': [142.48662402968375, 142.46797515450965, 142.46797515450965, 142.48662239842443]}"
9,S_k_229,"                                            geometry
0  POLYGON ((142.67402 -15.54924, 142.65538 -15.5...","{'lats': [-15.5492369765183, -15.54923618820366, -15.531161833855991, -15.531161046502508], 'lons': [142.67402177303615, 142.6553774141069, 142.6553774141069, 142.67402014767683]}"
10,S_k_241,"                                            geometry
0  POLYGON ((126.31227 -16.53584, 126.29353 -16.5...","{'lats': [-16.53583613317611, -16.535835292144622, -16.51776259770809, -16.517761757646912], 'lons': [126.31226773047554, 126.29353139794212, 126.29353139794212, 126.31226598765244]}"
11,S_k_244,"                                            geometry
0  POLYGON ((126.35228 -16.80274, 126.33352 -16.8...","{'lats': [-16.80273589721738, -16.802735041836257, -16.784662812031765, -16.784661957623552], 'lons': [126.35228071811537, 126.33351839417668, 126.33351839417668, 126.35227894303726]}"
12,S_k_253,"                                            geometry
0  POLYGON ((127.01254 -15.99094, 126.99386 -15.9...","{'lats': [-15.990936604609313, -15.990935792755689, -15.972862170269627, -15.972861359381174], 'lons': [127.01254195146058, 126.99385720955927, 126.99385720955927, 127.01254027384915]}"
13,S_k_254,"                                            geometry
0  POLYGON ((126.78794 -16.00024, 126.76926 -16.0...","{'lats': [-16.000236596679848, -16.000235784329536, -15.98216217745016, -15.982161366065109], 'lons': [126.7879423832012, 126.76925677726567, 126.76925677726567, 126.78794070448383]}"
14,S_k_260,"                                            geometry
0  POLYGON ((127.84393 -15.70074, 127.82527 -15.7...","{'lats': [-15.700736849995259, -15.700736053618048, -15.682661948220874, -15.682661152806185], 'lons': [127.84392862210728, 127.82527055610569, 127.82527055610569, 127.84392697888589]}"
15,S_k_261,"                                            geometry
0  POLYGON ((127.78103 -15.77934, 127.76237 -15.7...","{'lats': [-15.779336783925498, -15.77933598336078, -15.761262007976093, -15.761261208374608], 'lons': [127.78103220505099, 127.76236696851664, 127.76236696851664, 127.78103055253798]}"
16,S_k_262,"                                            geometry
0  POLYGON ((127.83613 -15.63694, 127.81747 -15.6...","{'lats': [-15.636936903409488, -15.636936110429009, -15.6188618999288, -15.618861107910268], 'lons': [127.8361257286757, 127.8174734533017, 127.8174734533017, 127.83612409298398]}"
17,S_k_266,"                                            geometry
0  POLYGON ((132.20271 -12.91744, 132.18428 -12.9...","{'lats': [-12.91743899768818, -12.917438347720257, -12.899360021355767, -12.899359372327835], 'lons': [132.20271451727058, 132.18428482041568, 132.1842848204157, 132.20271319302753]}"
18,S_k_267,"                                            geometry
0  POLYGON ((132.26854 -13.50084, 132.25006 -13.5...","{'lats': [-13.500838578888024, -13.500837898515439, -13.48276039428903, -13.482759714860734], 'lons': [132.26853641027012, 132.25006289474618, 132.25006289474618, 132.2685350206811]}"
19,S_k_268,"                                            geometry
0  POLYGON ((132.57942 -12.94054, 132.56098 -12.9...","{'lats': [-12.940538981427244, -12.940538330258077, -12.922460035804491, -12.922459385575483], 'lons': [132.57941536410402, 132.56098397229567, 132.56098397229567, 132.5794140372876]}"
20,S_k_269,"                                            geometry
0  POLYGON ((132.38954 -13.63144, 132.37106 -13.6...","{'lats': [-13.63143848282715, -13.631437795628734, -13.613360480053359, -13.613359793800226], 'lons': [132.38954145620858, 132.37105784144256, 132.37105784144256, 132.38954005188793]}"
21,S_k_270,"                                            geometry
0  POLYGON ((132.77381 -12.89094, 132.75539 -12.8...","{'lats': [-12.89093901630972, -12.890938367719583, -12.872860004812777, -12.872859357162442], 'lons': [132.77381354782108, 132.75538579134044, 132.75538579134044, 132.77381222652875]}"
22,S_k_271,"                                            geometry
0  POLYGON ((132.92130 -12.42404, 132.90290 -12.4...","{'lats': [-12.424039338638813, -12.424038714278154, -12.405959719037924, -12.405959095613788], 'lons': [132.92129682115313, 132.90290254387978, 132.90290254387978, 132.9212955516081]}"
23,S_k_272,"                                            geometry
0  POLYGON ((132.96280 -12.52654, 132.94440 -12.5...","{'lats': [-12.526539268813037, -12.526538639140501, -12.508459780849645, -12.508459152114341], 'lons': [132.96280043596641, 132.94439892340614, 132.94439892340614, 132.9627991550998]}"
24,S_k_274,"                                            geometry
0  POLYGON ((132.84979 -12.35354, 132.83141 -12.3...","{'lats': [-12.353539386358765, -12.353538765649299, -12.335459676826627, -12.335459057053201], 'lons': [132.84979435349632, 132.83140501542357, 132.83140501542357, 132.84979309172599]}"
25,S_k_275,"                                            geometry
0  POLYGON ((132.88390 -12.62794, 132.86550 -12.6...","{'lats': [-12.627939199217675, -12.627938564286264, -12.60985984251101, -12.609859208517538], 'lons': [132.88390404362121, 132.8654953101412, 132.8654953101412, 132.88390275153324]}"
26,S_k_279,"                                            geometry
0  POLYGON ((132.15833 -13.28084, 132.13987 -13.2...","{'lats': [-13.280838738800476, -13.280838069909978, -13.262760251697397, -13.262759583749542], 'lons': [132.15832803042295, 132.13987128695695, 132.13987128695695, 132.15832666556346]}"
27,S_k_280,"                                            geometry
0  POLYGON ((132.66273 -13.44254, 132.64427 -13.4...","{'lats': [-13.442538621497944, -13.442537944170088, -13.424460356272055, -13.424459679888049], 'lons': [132.66273417493804, 132.6442651333599, 132.6442651333599, 132.66273279191284]}"
28,S_k_282,"                                            geometry
0  POLYGON ((132.88960 -12.47894, 132.87120 -12.4...","{'lats': [-12.478939301305088, -12.478938674099842, -12.460859752079992, -12.460859125811648], 'lons': [132.88959875328771, 132.87120060871482, 132.87120060871482, 132.8895974776814]}"
29,S_k_283,"                                            geometry
0  POLYGON ((132.95591 -12.76784, 132.93749 -12.7...","{'lats': [-12.767839102352342, -12.767838460158725, -12.749759928420142, -12.749759287165453], 'lons': [132.95590907280928, 132.9374902731954, 132.93749027319544, 132.95590776520447]}"
30,S_k_285,"                                            geometry
0  POLYGON ((132.86353 -13.45164, 132.84506 -13.4...","{'lats': [-13.451638614858057, -13.451637937055045, -13.433560362195173, -13.433559685336078], 'lons': [132.86353452315154, 132.84506478463436, 132.84506478463436, 132.86353313910234]}"
31,S_k_286,"                                            geometry
0  POLYGON ((132.94092 -13.00894, 132.92248 -13.0...","{'lats': [-13.008938933122012, -13.008938278394659, -12.990860078741838, -12.990859424955136], 'lons': [132.9409178812655, 132.92248145132126, 132.92248145132126, 132.94091654682254]}"
32,S_k_288,"                                            geometry
0  POLYGON ((132.61494 -13.64534, 132.59646 -13.6...","{'lats': [-13.645338472553703, -13.645337784628374, -13.62726048923029, -13.627259802250347], 'lons': [132.61494199639498, 132.59645730047114, 132.59645730047114, 132.61494059050412]}"
33,S_k_289,"                                            geometry
0  POLYGON ((132.82271 -12.68524, 132.80429 -12.6...","{'lats': [-12.685239159662208, -12.68523852175729, -12.667159877580438, -12.667159240613856], 'lons': [132.82270609620272, 132.80429325438473, 132.80429325438473, 132.82270479776432]}"
34,S_k_290,"                                            geometry
0  POLYGON ((132.88331 -12.83244, 132.86489 -12.8...","{'lats': [-12.832439057293564, -12.832438411743956, -12.814359968415944, -12.81435932380572], 'lons': [132.8833114153751, 132.8648879270404, 132.8648879270404, 132.88331010059133]}"
35,S_k_291,"                                            geometry
0  POLYGON ((132.86391 -12.79214, 132.84549 -12.7...","{'lats': [-12.79213908542746, -12.792138441971646, -12.774059943440825, -12.774059300924106], 'lons': [132.86390995248507, 132.84548939217, 132.84548939217, 132.86390864218083]}"
36,S_k_292,"                                            geometry
0  POLYGON ((132.63265 -13.75024, 132.61415 -13.7...","{'lats': [-13.750238394715744, -13.7502377013019, -13.732160558789165, -13.732159866321519], 'lons': [132.6326460925548, 132.61415319837985, 132.61415319837985, 132.63264467479985]}"
37,S_k_293,"                                            geometry
0  POLYGON ((132.49653 -13.41934, 132.47807 -13.4...","{'lats': [-13.419338638407483, -13.419337962290854, -13.401260341189639, -13.401259666016687], 'lons': [132.49653328835183, 132.47806602125092, 132.47806602125092, 132.49653190793654]}"
38,S_k_295,"                                            geometry
0  POLYGON ((132.92731 -12.89714, 132.90889 -12.8...","{'lats': [-12.897139011956122, -12.89713836304366, -12.87906000868011, -12.879059360707492], 'lons': [132.92731377444176, 132.90888556437474, 132.90888556437474, 132.9273124524592]}"
39,S_k_298,"                                            geometry
0  POLYGON ((133.00680 -12.64334, 132.98839 -12.6...","{'lats': [-12.64333918860287, -12.643338552872418, -12.625259851920319, -12.625259217127912], 'lons': [133.00680459428526, 132.98839475862417, 132.98839475862417, 133.00680330049119]}"
40,S_k_299,"                                            geometry
0  POLYGON ((132.77995 -13.74254, 132.76145 -13.7...","{'lats': [-13.742538400447712, -13.742537707436906, -13.72446055366515, -13.724459861600483], 'lons': [132.7799457907113, 132.76145350065917, 132.76145350065917, 132.7799443738281]}"
41,S_k_301,"                                            geometry
0  POLYGON ((132.96801 -12.87084, 132.94959 -12.8...","{'lats': [-12.870839030410615, -12.870838382865328, -12.852759992288163, -12.852759345682532], 'lons': [132.96801281394593, 132.949586526334, 132.949586526334, 132.96801149489067]}"
42,S_k_303,"                                            geometry
0  POLYGON ((132.96410 -12.55004, 132.94570 -12.5...","{'lats': [-12.550039252729848, -12.550038621838892, -12.531959795094606, -12.53195916514105], 'lons': [132.96410126925682, 132.94569808881656, 132.94569808881656, 132.96409998579148]}"
43,S_k_304,"                                            geometry
0  POLYGON ((133.00000 -12.59424, 132.98160 -12.5...","{'lats': [-12.594239222404703, -12.594238589221508, -12.576159821961479, -12.576159189715986], 'lons': [133.00000284113293, 132.98159651449515, 132.98159651449515, 133.0000015527767]}"
44,S_k_305,"                                            geometry
0  POLYGON ((132.52181 -12.91904, 132.50338 -12.9...","{'lats': [-12.91903899656274, -12.919038346511622, -12.900960022355703, -12.900959373244586], 'lons': [132.52181457587267, 132.5033847617245, 132.5033847617245, 132.52181325145142]}"
45,S_k_306,"                                            geometry
0  POLYGON ((132.38410 -12.55964, 132.36570 -12.5...","{'lats': [-12.55963924615172, -12.55963861476297, -12.541559800921712, -12.541559170470421], 'lons': [132.38410161015113, 132.3656977473913, 132.3656977473913, 132.38410032562385]}"
46,S_k_309,"                                            geometry
0  POLYGON ((132.91659 -12.32734, 132.89821 -12.3...","{'lats': [-12.327339404029239, -12.327338784676181, -12.309259661202624, -12.30925904278543], 'lons': [132.91659344030313, 132.89820593006002, 132.89820593006002, 132.91659218141953]}"
47,S_k_310,"                                            geometry
0  POLYGON ((132.30564 -13.55364, 132.28716 -13.5...","{'lats': [-13.553638540153079, -13.553637857021764, -13.53556042886249, -13.535559746675867], 'lons': [132.30563844386862, 132.28716085817234, 132.28716085817234, 132.3056370483284]}"
48,S_k_311,"                                            geometry
0  POLYGON ((132.95171 -12.79204, 132.93329 -12.7...","{'lats': [-12.792039085497168, -12.79203844204655, -12.77395994337895, -12.773959300867428], 'lons': [132.9517099488613, 132.93328939579936, 132.93328939579936, 132.95170863856816]}"
49,S_k_312,"                                            geometry
0  POLYGON ((132.60682 -13.00484, 132.58838 -13.0...","{'lats': [-13.004838936024067, -13.004838281510052, -12.986760076161621, -12.986759422588227], 'lons': [132.60681772997611, 132.58838160283935, 132.58838160283935, 132.60681639599056]}"
50,S_k_314,"                                            geometry
0  POLYGON ((132.89112 -13.00544, 132.87268 -13.0...","{'lats': [-13.005438935599434, -13.005438281054198, -12.987360076539167, -12.987359422934558], 'lons': [132.8911177521128, 132.8726815806692, 132.8726815806692, 132.89111641806028]}"
51,S_k_315,"                                            geometry
0  POLYGON ((132.92971 -12.82904, 132.91129 -12.8...","{'lats': [-12.82903905967028, -12.829038414297345, -12.810959966305766, -12.81095932187219], 'lons': [132.92971129176206, 132.91128805084244, 132.91128805084244, 132.92970997735637]}"
52,S_k_318,"                                            geometry
0  POLYGON ((132.80151 -12.83334, 132.78309 -12.8...","{'lats': [-12.83333905666434, -12.833338411067967, -12.815259968974622, -12.815259324317639], 'lons': [132.80151144810213, 132.78308789426333, 132.78308789426333, 132.80151013321833]}"
53,S_k_319,"                                            geometry
0  POLYGON ((132.33050 -12.55904, 132.31210 -12.5...","{'lats': [-12.55903924656299, -12.559038615205353, -12.540959800557383, -12.540959170137203], 'lons': [132.330501588837, 132.31209776873862, 132.31209776873862, 132.33050030437607]}"
54,S_k_320,"                                            geometry
0  POLYGON ((132.29683 -13.24234, 132.27837 -13.2...","{'lats': [-13.242338766538763, -13.242338099655559, -13.224260226987187, -13.224259561046344], 'lons': [132.29682657941905, 132.278372740119, 132.278372740119, 132.29682521887625]}"
55,S_k_321,"                                            geometry
0  POLYGON ((132.59872 -12.94064, 132.58028 -12.9...","{'lats': [-12.940638981356795, -12.940638330182427, -12.922560035867095, -12.922559385632887], 'lons': [132.5987153677735, 132.58028396862053, 132.58028396862053, 132.59871404094594]}"
56,S_k_322,"                                            geometry
0  POLYGON ((132.34443 -13.30464, 132.32597 -13.3...","{'lats': [-13.30463872161642, -13.304638051484744, -13.2865602670091, -13.286559597820244], 'lons': [132.3444289297089, 132.32597038633608, 132.32597038633608, 132.34442756217933]}"
57,S_k_323,"                                            geometry
0  POLYGON ((132.01401 -12.73474, 131.99559 -12.7...","{'lats': [-12.734739125358903, -12.734738484884206, -12.716659908006825, -12.716659268470817], 'lons': [132.0140078774879, 131.99559147035404, 131.99559147035404, 132.01400657355802]}"
58,S_k_324,"                                            geometry
0  POLYGON ((132.57825 -13.80414, 132.55975 -13.8...","{'lats': [-13.804138354510389, -13.804137658274579, -13.786060594737803, -13.78605989944861], 'lons': [132.57824821066453, 132.5597510772174, 132.5597510772174, 132.5782467868037]}"
59,S_k_325,"                                            geometry
0  POLYGON ((132.93860 -12.55624, 132.92020 -12.5...","{'lats': [-12.556239248482006, -12.55623861726956, -12.538159798857425, -12.53815916858242], 'lons': [132.93860148938546, 132.92019786834504, 132.92019786834507, 132.93860020523437]}"
60,S_k_328,"                                            geometry
0  POLYGON ((132.18131 -12.79864, 132.16289 -12.7...","{'lats': [-12.798639080895226, -12.798638437101749, -12.78055994746365, -12.780559304609316], 'lons': [132.18131018809711, 132.16288915619685, 132.16288915619685, 132.18130887707062]}"
61,S_k_329,"                                            geometry
0  POLYGON ((131.89950 -12.56224, 131.88110 -12.5...","{'lats': [-12.562239244369353, -12.562238612845777, -12.544159802500676, -12.544159171914579], 'lons': [131.89950170252524, 131.88109765487337, 131.8810976548734, 131.89950041771039]}"
62,S_k_331,"                                            geometry
0  POLYGON ((132.55131 -12.69134, 132.53289 -12.6...","{'lats': [-12.691339155441554, -12.691338517220004, -12.673259881323395, -12.67325924404023], 'lons': [132.5513063153082, 132.53289303494103, 132.53289303494103, 132.5513050161933]}"
63,S_k_333,"                                            geometry
0  POLYGON ((132.47823 -13.36214, 132.45977 -13.3...","{'lats': [-13.362138679984534, -13.36213800685324, -13.344060304116, -13.344059631927955], 'lons': [132.47823110961602, 132.45976820320118, 132.45976820320118, 132.47822973563038]}"
64,S_k_334,"                                            geometry
0  POLYGON ((132.91095 -13.95114, 132.89245 -13.9...","{'lats': [-13.951138244134679, -13.951137540196184, -13.933060693494813, -13.933059990504075], 'lons': [132.91095403369297, 132.8924452458466, 132.8924452458466, 132.91095259314565]}"
65,S_k_337,"                                            geometry
0  POLYGON ((132.69441 -12.87104, 132.67599 -12.8...","{'lats': [-12.871039030270405, -12.871038382714719, -12.852959992412686, -12.852959345796657], 'lons': [132.69441282124205, 132.6759865190268, 132.6759865190268, 132.69441150216457]}"
66,S_k_338,"                                            geometry
0  POLYGON ((132.40785 -13.77284, 132.38935 -13.7...","{'lats': [-13.772838377875223, -13.772837683278299, -13.754760573845104, -13.75475988019455], 'lons': [132.4078469795584, 132.38935231009668, 132.38935231009668, 132.4078455592441]}"
67,S_k_339,"                                            geometry
0  POLYGON ((132.04833 -13.36754, 132.02987 -13.3...","{'lats': [-13.367538676066346, -13.367538002653275, -13.349460307609121, -13.349459635139342], 'lons': [132.04833131486572, 132.02986799764818, 132.02986799764818, 132.0483299402734]}"
68,S_k_344,"                                            geometry
0  POLYGON ((132.89273 -13.35234, 132.87427 -13.3...","{'lats': [-13.352338687091626, -13.35233801447167, -13.334260297780265, -13.334259626103483], 'lons': [132.89273073735745, 132.87426857601017, 132.87426857601017, 132.8927293644727]}"
69,S_k_345,"                                            geometry
0  POLYGON ((132.82801 -12.87474, 132.80959 -12.8...","{'lats': [-12.874739027676197, -12.874738379928187, -12.856659994716752, -12.856659347908428], 'lons': [132.82801295624233, 132.80958638382072, 132.80958638382072, 132.8280116367531]}"
70,S_k_347,"                                            geometry
0  POLYGON ((132.28114 -13.56284, 132.26266 -13.5...","{'lats': [-13.562838533389737, -13.562837849777614, -13.544760434900553, -13.544759752233192], 'lons': [132.28113879909787, 132.26266050242432, 132.26266050242432, 132.2811374025201]}"
71,S_k_348,"                                            geometry
0  POLYGON ((132.44021 -12.71764, 132.42179 -12.7...","{'lats': [-12.717639137223005, -12.717638497636155, -12.69955989748219, -12.69955925883391], 'lons': [132.44020726128414, 132.42179208750653, 132.42179208750653, 132.4402059592519]}"
72,S_k_349,"                                            geometry
0  POLYGON ((132.61741 -12.82334, 132.59899 -12.8...","{'lats': [-12.823339063653473, -12.823338418576713, -12.805259962769393, -12.805259318631954], 'lons': [132.61741108460828, 132.59898825831308, 132.59898825831308, 132.61740977083633]}"
73,S_k_350,"                                            geometry
0  POLYGON ((132.64021 -12.91174, 132.62179 -12.9...","{'lats': [-12.911739001696526, -12.911738352024981, -12.893660017794547, -12.893659369062952], 'lons': [132.64021430856477, 132.62178502943888, 132.62178502943888, 132.64021298495652]}"
74,S_k_353,"                                            geometry
0  POLYGON ((132.67211 -12.77874, 132.65369 -12.7...","{'lats': [-12.778739094764179, -12.77873845200442, -12.760659935154212, -12.760659293333457], 'lons': [132.67210946717182, 132.65368987822757, 132.65368987822757, 132.67210815835625]}"
75,S_k_354,"                                            geometry
0  POLYGON ((132.59774 -13.58174, 132.57926 -13.5...","{'lats': [-13.58173851948238, -13.581737834882398, -13.563660447317758, -13.56365976366268], 'lons': [132.5977395296916, 132.57925977076468, 132.57925977076468, 132.5977381309816]}"
76,S_k_355,"                                            geometry
0  POLYGON ((132.71384 -13.57454, 132.69536 -13.5...","{'lats': [-13.5745385247825, -13.574537840558866, -13.55646044258535, -13.556459759306561], 'lons': [132.71383925123862, 132.69536004962376, 132.69536004962376, 132.713837853341]}"
77,S_k_356,"                                            geometry
0  POLYGON ((132.82693 -13.22734, 132.80847 -13.2...","{'lats': [-13.227338777325985, -13.227338111224675, -13.209260217379484, -13.209259552220422], 'lons': [132.82692601533796, 132.80847330504045, 132.80847330504045, 132.82692465647608]}"
78,S_k_357,"                                            geometry
0  POLYGON ((132.94592 -13.05494, 132.92748 -13.0...","{'lats': [-13.054938900504997, -13.054938243383646, -13.036860107747307, -13.036859451566944], 'lons': [132.94591958221855, 132.9274797478012, 132.9274797478012, 132.94591824264097]}"
79,S_k_358,"                                            geometry
0  POLYGON ((133.00352 -13.10434, 132.98508 -13.1...","{'lats': [-13.104338865359908, -13.104338205666659, -13.086260139012488, -13.086259480260583], 'lons': [133.0035214161784, 132.98507791108196, 132.98507791108196, 133.00352007108162]}"
80,S_k_361,"                                            geometry
0  POLYGON ((132.99343 -13.35944, 132.97497 -13.3...","{'lats': [-13.359438681943084, -13.35943800895267, -13.341360302369965, -13.341359630322783], 'lons': [132.99343100702518, 132.9749683059437, 132.9749683059437, 132.99342963334286]}"
81,S_k_362,"                                            geometry
0  POLYGON ((132.86053 -13.23294, 132.84207 -13.2...","{'lats': [-13.23293877330006, -13.232938106906856, -13.21486022096507, -13.21485955551415], 'lons': [132.8605262258466, 132.84207309421814, 132.84207309421814, 132.86052486635722]}"
82,S_k_363,"                                            geometry
0  POLYGON ((132.81103 -13.37214, 132.79257 -13.3...","{'lats': [-13.372138672727493, -13.372137999074386, -13.354060310585872, -13.35405963787609], 'lons': [132.81103148977962, 132.79256782247595, 132.79256782247595, 132.81103011467047]}"
83,S_k_364,"                                            geometry
0  POLYGON ((132.70543 -13.26924, 132.68697 -13.2...","{'lats': [-13.269238747165716, -13.269238078880075, -13.251160244244595, -13.251159576901516], 'lons': [132.70542759275307, 132.68697172527723, 132.68697172527723, 132.70542622919456]}"
84,S_k_365,"                                            geometry
0  POLYGON ((132.65223 -13.30404, 132.63377 -13.3...","{'lats': [-13.304038722049972, -13.30403805194959, -13.285960266622746, -13.28595959746518], 'lons': [132.6522289070162, 132.63377040906244, 132.63377040906246, 132.652227539554]}"
85,S_k_370,"                                            geometry
0  POLYGON ((132.38331 -12.65744, 132.36489 -12.6...","{'lats': [-12.657439178873704, -12.657438542411589, -12.639359860545643, -12.639359225021673], 'lons': [132.38330509910247, 132.36489425302574, 132.36489425302574, 132.38330380374592]}"
86,S_k_372,"                                            geometry
0  POLYGON ((132.58792 -13.10474, 132.56948 -13.1...","{'lats': [-13.104738865074838, -13.104738205360757, -13.086660139266137, -13.086659480493404], 'lons': [132.58792143105907, 132.56947789617894, 132.56947789617894, 132.5879200859176]}"
87,S_k_373,"                                            geometry
0  POLYGON ((132.69262 -12.99374, 132.67418 -12.9...","{'lats': [-12.993738943876656, -12.993738289940175, -12.975660069180307, -12.975659416184367], 'lons': [132.69261732064822, 132.67418201278625, 132.67418201278625, 132.69261598790092]}"
88,S_k_374,"                                            geometry
0  POLYGON ((132.30973 -13.20354, 132.29127 -13.2...","{'lats': [-13.203538794418805, -13.203538129557915, -13.18546020215789, -13.185459538239071], 'lons': [132.30972512176135, 132.29127419995, 132.29127419995, 132.30972376556554]}"
89,S_k_375,"                                            geometry
0  POLYGON ((132.34361 -12.75124, 132.32519 -12.7...","{'lats': [-12.751239113897228, -12.75123847256572, -12.733159918175879, -12.73315927778318], 'lons': [132.34360847292209, 132.3251908740041, 132.3251908740041, 132.34360716716057]}"
90,S_k_376,"                                            geometry
0  POLYGON ((132.23823 -13.33574, 132.21977 -13.3...","{'lats': [-13.335738699119325, -13.335738027365418, -13.317660287059011, -13.317659616248159], 'lons': [132.23823010747833, 132.21976920682135, 132.21976920682135, 132.2382287364578]}"
91,S_k_378,"                                            geometry
0  POLYGON ((132.02111 -12.83384, 132.00269 -12.8...","{'lats': [-12.833839056314753, -12.833838410692401, -12.815759969285015, -12.815759324602052], 'lons': [132.02111146628488, 132.00268787605273, 132.00268787605273, 132.02111015134545]}"
92,S_k_379,"                                            geometry
0  POLYGON ((132.14090 -12.54964, 132.12250 -12.5...","{'lats': [-12.54963925300384, -12.54963862213363, -12.53155979485192, -12.531559164919102], 'lons': [132.140901255059, 132.12249810303646, 132.12249810303646, 132.14089997163788]}"
93,S_k_381,"                                            geometry
0  POLYGON ((132.86779 -12.29644, 132.84941 -12.2...","{'lats': [-12.296439424825177, -12.296438807071524, -12.27835964281977, -12.278359026001768], 'lons': [132.86779236598238, 132.849407006082, 132.849407006082, 132.8677911105016]}"
94,S_k_384,"                                            geometry
0  POLYGON ((132.67919 -12.15874, 132.66081 -12.1...","{'lats': [-12.158739516913165, -12.158738906282554, -12.140659561478735, -12.140658951782843], 'lons': [132.67918761382305, 132.66081176581113, 132.66081176581113, 132.67918637348313]}"
95,S_k_385,"                                            geometry
0  POLYGON ((132.67279 -12.29634, 132.65441 -12.2...","{'lats': [-12.296339424892397, -12.296338807143917, -12.278259642760354, -12.278259025947525], 'lons': [132.67279236251034, 132.65440700955958, 132.65440700955958, 132.6727911070406]}"
96,S_k_387,"                                            geometry
0  POLYGON ((132.76069 -12.23594, 132.74231 -12.2...","{'lats': [-12.235939465402828, -12.23593885077964, -12.217859606965225, -12.21785899327728], 'lons': [132.76069027096202, 132.74230910443055, 132.74230910443055, 132.7606890221382]}"
97,S_k_391,"                                            geometry
0  POLYGON ((132.07711 -12.87594, 132.05869 -12.8...","{'lats': [-12.875939026834681, -12.8759383790243, -12.857859995464166, -12.857859348593475], 'lons': [132.07711300003524, 132.058686339961, 132.058686339961, 132.0771116804125]}"
98,S_k_392,"                                            geometry
0  POLYGON ((132.42499 -12.12414, 132.40661 -12.1...","{'lats': [-12.12413953990177, -12.124138931059848, -12.106059541188861, -12.106058933281433], 'lons': [132.42498642880932, 132.40661295272403, 132.40661295272403, 132.42498519226794]}"
99,S_k_394,"                                            geometry
0  POLYGON ((132.23519 -12.20814, 132.21681 -12.2...","{'lats': [-12.20813948398653, -12.20813887080134, -12.190059590551103, -12.19005897830097], 'lons': [132.235189312028, 132.21681006489268, 132.21681006489268, 132.23518806626063]}"
100,S_k_398,"                                            geometry
0  POLYGON ((130.83192 -13.13104, 130.81348 -13.1...","{'lats': [-13.131038846313965, -13.131038185230224, -13.112960155960776, -13.112959495818574], 'lons': [130.83192241055073, 130.81347691521714, 130.81347691521714, 130.83192106246872]}"
101,S_k_400,"                                            geometry
0  POLYGON ((130.72432 -13.05154, 130.70588 -13.0...","{'lats': [-13.051538902919424, -13.051538245975053, -13.033460105599865, -13.033459449596451], 'lons': [130.72431945627213, 130.70587987393742, 130.70587987393742, 130.72431811707423]}"
102,S_k_402,"                                            geometry
0  POLYGON ((130.70053 -13.22284, 130.68207 -13.2...","{'lats': [-13.222838780559977, -13.22283811469322, -13.204760214499327, -13.204759549574783], 'lons': [130.70052584624975, 130.6820734743808, 130.6820734743808, 130.70052448789207]}"
103,S_k_404,"                                            geometry
0  POLYGON ((130.76433 -13.29784, 130.74587 -13.2...","{'lats': [-13.297838726529015, -13.297838056751987, -13.279760262631502, -13.279759593797241], 'lons': [130.76432867259055, 130.7458706438359, 130.7458706438359, 130.764327305824]}"
104,S_k_410,"                                            geometry
0  POLYGON ((130.80992 -13.16614, 130.79148 -13.1...","{'lats': [-13.16613882122215, -13.166138158310018, -13.148060178294356, -13.148059516324018], 'lons': [130.8099237211172, 130.79147560268746, 130.79147560268746, 130.80992236910845]}"
105,S_k_431,"                                            geometry
0  POLYGON ((130.75473 -13.22284, 130.73627 -13.2...","{'lats': [-13.222838780559977, -13.22283811469322, -13.204760214499327, -13.204759549574783], 'lons': [130.75472584624976, 130.7362734743808, 130.7362734743808, 130.75472448789208]}"
106,S_k_438,"                                            geometry
0  POLYGON ((132.30426 -14.01944, 132.28574 -14.0...","{'lats': [-14.019438192490988, -14.019437484970409, -14.001360739735393, -14.001360033163111], 'lons': [132.30425676235203, 132.2857425133028, 132.2857425133028, 132.30425531403455]}"
107,S_k_440,"                                            geometry
0  POLYGON ((132.26276 -14.13624, 132.24424 -14.1...","{'lats': [-14.136238103646345, -14.136237389995252, -14.118160819333069, -14.118160106631196], 'lons': [132.26276146272295, 132.24423780627598, 132.24423780627598, 132.2627600010922]}"
108,S_k_444,"                                            geometry
0  POLYGON ((132.43486 -14.00714, 132.41634 -14.0...","{'lats': [-14.00713820180824, -14.007137494932902, -13.989060731391396, -13.989060025464259], 'lons': [132.43485626986876, 132.4163430064861, 132.4163430064861, 132.43485482295142]}"
109,S_k_445,"                                            geometry
0  POLYGON ((132.47916 -14.03294, 132.46064 -14.0...","{'lats': [-14.032938182256208, -14.032937474027355, -14.014860748901839, -14.01486004162139], 'lons': [132.47915730343138, 132.46064197145495, 132.46064197145495, 132.47915585357677]}"
110,S_k_446,"                                            geometry
0  POLYGON ((132.52726 -13.98274, 132.50874 -13.9...","{'lats': [-13.982738220269345, -13.982737514673802, -13.96466071486069, -13.964660010213153], 'lons': [132.52725529432087, 132.50874398342208, 132.50874398342208, 132.52725385017993]}"
111,S_k_448,"                                            geometry
0  POLYGON ((132.50315 -13.95204, 132.48465 -13.9...","{'lats': [-13.952038243455647, -13.952037539469961, -13.933960694102664, -13.933959991064745], 'lons': [132.50315406955343, 132.48464520993497, 132.48464520993497, 132.5031526289038]}"
112,S_k_449,"                                            geometry
0  POLYGON ((132.42345 -13.82624, 132.40495 -13.8...","{'lats': [-13.826238337984197, -13.826237640590968, -13.80816060951813, -13.808159913071684], 'lons': [132.42344908176355, 132.40495020486583, 132.40495020486583, 132.4234476553973]}"
113,S_k_450,"                                            geometry
0  POLYGON ((132.57665 -13.83364, 132.55815 -13.8...","{'lats': [-13.833638332445188, -13.833637634664358, -13.815560614472489, -13.815559917638499], 'lons': [132.5766493737864, 132.5581499124235, 132.5581499124235, 132.57664794658098]}"
114,S_k_451,"                                            geometry
0  POLYGON ((132.39025 -13.82664, 132.37175 -13.8...","{'lats': [-13.826638337684866, -13.826637640270686, -13.808560609785868, -13.808559913318474], 'lons': [132.39024909754417, 132.37175018906254, 132.37175018906254, 132.39024767113256]}"
115,S_k_453,"                                            geometry
0  POLYGON ((132.28236 -14.02394, 132.26384 -14.0...","{'lats': [-14.023938189080381, -14.023937481323717, -14.005860742789894, -14.005860035981561], 'lons': [132.282356942648, 132.26384233275076, 132.26384233275076, 132.28235549381822]}"
116,S_k_454,"                                            geometry
0  POLYGON ((132.69016 -14.02944, 132.67164 -14.0...","{'lats': [-14.029438184910521, -14.029437476865303, -14.011360746524504, -14.011360039427661], 'lons': [132.69015716309642, 132.67164211198926, 132.67164211198926, 132.6901557136404]}"
117,S_k_455,"                                            geometry
0  POLYGON ((132.70246 -14.14274, 132.68394 -14.1...","{'lats': [-14.142738098682509, -14.142737384690069, -14.124660823782044, -14.124660110738882], 'lons': [132.702461725567, 132.68393754306103, 132.68393754306103, 132.70246026319447]}"
118,S_k_456,"                                            geometry
0  POLYGON ((132.65986 -14.10784, 132.64134 -14.1...","{'lats': [-14.107838125310312, -14.107837413150413, -14.089760799918345, -14.089760088707441], 'lons': [132.6598603158622, 132.64133895475655, 132.64133895475655, 132.6598588574716]}"
119,S_k_457,"                                            geometry
0  POLYGON ((132.66906 -14.14194, 132.65054 -14.1...","{'lats': [-14.141938099293547, -14.141937385343121, -14.123860823234365, -14.12386011023321], 'lons': [132.66906169320973, 132.6505375754639, 132.6505375754639, 132.6690602309285]}"
120,S_k_458,"                                            geometry
0  POLYGON ((132.44637 -14.29944, 132.42783 -14.2...","{'lats': [-14.299437978392351, -14.299437256165145, -14.28136093165156, -14.281360210374887], 'lons': [132.44636810258163, 132.4278311570899, 132.4278311570899, 132.44636662229448]}"
121,S_k_459,"                                            geometry
0  POLYGON ((132.66257 -14.22514, 132.64403 -14.2...","{'lats': [-14.225138035577643, -14.225137317256364, -14.207060880357611, -14.207060162986265], 'lons': [132.6625650692018, 132.64403419472018, 132.64403419472018, 132.6625635974163]}"
122,S_k_460,"                                            geometry
0  POLYGON ((132.57696 -14.12054, 132.55844 -14.1...","{'lats': [-14.120538115627411, -14.120537402800721, -14.10246080859547, -14.102460096717872], 'lons': [132.57696082840403, 132.5584384414905, 132.5584384414905, 132.57695936856473]}"
123,S_k_461,"                                            geometry
0  POLYGON ((132.29036 -14.20934, 132.27183 -14.2...","{'lats': [-14.209338047703499, -14.209337330212495, -14.19126086948407, -14.191260152942878], 'lons': [132.2903644264035, 132.27183483842146, 132.27183483842146, 132.29036295642413]}"
124,S_k_462,"                                            geometry
0  POLYGON ((132.47847 -14.22374, 132.45993 -14.2...","{'lats': [-14.223738036652573, -14.223737318404865, -14.205660879393644, -14.20566016209586], 'lons': [132.47846501221306, 132.4599342517889, 132.4599342517889, 132.4784635405876]}"
125,S_k_463,"                                            geometry
0  POLYGON ((132.56977 -14.27094, 132.55123 -14.2...","{'lats': [-14.27093800035927, -14.27093727963059, -14.25286091194488, -14.252860192166505], 'lons': [132.56976693696973, 132.55123232433297, 132.55123232433297, 132.56976545994516]}"
126,S_k_464,"                                            geometry
0  POLYGON ((132.57267 -14.35544, 132.55413 -14.3...","{'lats': [-14.355437935114162, -14.355437209941403, -14.337360970486987, -14.337360246265217], 'lons': [132.57267040041006, 132.5541288560536, 132.5541288560536, 132.5726689137064]}"
127,S_k_465,"                                            geometry
0  POLYGON ((132.69717 -14.37604, 132.67863 -14.3...","{'lats': [-14.376037919155621, -14.376037192898966, -14.357960984810719, -14.357960259505216], 'lons': [132.6971712481866, 132.67862800709605, 132.67862800709605, 132.6971697591207]}"
128,S_k_466,"                                            geometry
0  POLYGON ((132.74507 -14.39514, 132.72653 -14.3...","{'lats': [-14.395137904340677, -14.395137177078876, -14.377060998109625, -14.377060271799138], 'lons': [132.7450720354359, 132.72652721875127, 132.72652721875127, 132.7450705441788]}"
129,S_k_467,"                                            geometry
0  POLYGON ((132.73547 -14.35094, 132.71693 -14.3...","{'lats': [-14.35093793859752, -14.350937213661515, -14.332860967360743, -14.332860243375686], 'lons': [132.73547021539545, 132.71692904132613, 132.71692904132613, 132.7354687292077]}"
130,S_k_468,"                                            geometry
0  POLYGON ((132.58127 -14.40274, 132.56273 -14.4...","{'lats': [-14.402737898440794, -14.40273717077899, -14.384661003406181, -14.384660276695755], 'lons': [132.58127234900923, 132.56272690474188, 132.56272690474188, 132.58127085688002]}"
131,S_k_469,"                                            geometry
0  POLYGON ((132.44627 -14.26264, 132.42773 -14.2...","{'lats': [-14.262638006749214, -14.262637286456878, -14.244560906213065, -14.244560186870965], 'lons': [132.44626659799485, 132.4277326637828, 132.4277326637828, 132.44626512192013]}"
132,S_k_470,"                                            geometry
0  POLYGON ((132.56277 -14.38044, 132.54423 -14.3...","{'lats': [-14.380437915744322, -14.380437189256126, -14.362360987872785, -14.362360262335786], 'lons': [132.56277142943975, 132.5442278255906, 132.5442278255906, 132.56276993986913]}"
133,S_k_471,"                                            geometry
0  POLYGON ((132.49057 -14.34654, 132.47203 -14.3...","{'lats': [-14.346537942002504, -14.346537217297975, -14.328460964304885, -14.328460240551271], 'lons': [132.49057003455442, 132.4720292224193, 132.4720292224193, 132.49056854887104]}"
134,S_k_472,"                                            geometry
0  POLYGON ((132.34756 -14.07064, 132.32904 -14.0...","{'lats': [-14.070638153627447, -14.070637443420264, -14.052560774546558, -14.052560065288077], 'lons': [132.34755881748904, 132.3290404552501, 132.3290404552501, 132.3475573633396]}"
135,S_k_473,"                                            geometry
0  POLYGON ((132.49036 -14.13754, 132.47184 -14.1...","{'lats': [-14.137538102653743, -14.137537388934382, -14.119460820222704, -14.119460107452579], 'lons': [132.49036151528105, 132.47183775364365, 132.47183775364365, 132.490360053502]}"
136,S_k_474,"                                            geometry
0  POLYGON ((132.46536 -14.14144, 132.44684 -14.1...","{'lats': [-14.141438099675437, -14.14143738575127, -14.123360822892082, -14.12336010991718], 'lons': [132.46536167298748, 132.44683759571467, 132.44683759571467, 132.4653602107633]}"
137,S_k_478,"                                            geometry
0  POLYGON ((132.38996 -14.17904, 132.37144 -14.1...","{'lats': [-14.179038070923475, -14.179037355024407, -14.16096084866525, -14.160960133715749], 'lons': [132.38996319590535, 132.37143607065045, 132.37143607065045, 132.38996172938806]}"
138,S_k_479,"                                            geometry
0  POLYGON ((132.40136 -14.13864, 132.38284 -14.1...","{'lats': [-14.138638101813783, -14.138637388036651, -14.120560820975527, -14.120560108147641], 'lons': [132.40136155975748, 132.38283770910445, 132.38283770910445, 132.40136009785286]}"
139,S_k_480,"                                            geometry
0  POLYGON ((132.33206 -14.21204, 132.31353 -14.2...","{'lats': [-14.212038045632221, -14.212037327999344, -14.19396087134136, -14.193960154658312], 'lons': [132.3320645361928, 132.31353472847786, 132.31353472847786, 132.33206306590483]}"
140,S_k_2261,"                                            geometry
0  POLYGON ((146.44106 -20.00763, 146.42194 -20.0...","{'lats': [-20.007632812968996, -20.007631781996817, -19.989565631623858, -19.98956460165997], 'lons': [146.44105584329856, 146.42194306639252, 146.42194306639252, 146.4410536629664]}"
141,S_k_2262,"                                            geometry
0  POLYGON ((146.52015 -19.96363, 146.50105 -19.9...","{'lats': [-19.963632858357514, -19.963631829840494, -19.94556558993474, -19.94556456242547], 'lons': [146.5201531919007, 146.5010457206944, 146.5010457206944, 146.52015101737734]}"
142,S_k_2263,"                                            geometry
0  POLYGON ((146.59645 -19.98723, 146.57734 -19.9...","{'lats': [-19.987232834023004, -19.98723180418929, -19.969165612285273, -19.969164583459605], 'lons': [146.59645461313303, 146.57734429790494, 146.57734429790494, 146.59645243549497]}"
143,S_k_2265,"                                            geometry
0  POLYGON ((146.60915 -19.90703, 146.59005 -19.9...","{'lats': [-19.907032916622498, -19.907031891261738, -19.888965536425623, -19.888964512071922], 'lons': [146.60914979165125, 146.59004912467398, 146.59004912467398, 146.60914762458924]}"
144,S_k_2267,"                                            geometry
0  POLYGON ((146.24315 -19.92873, 146.22405 -19.9...","{'lats': [-19.928732894300282, -19.92873186772969, -19.91066555692486, -19.910664531361594], 'lons': [146.24315109389659, 146.22404782099923, 146.22404782099923, 146.2431489239754]}"
145,S_k_2268,"                                            geometry
0  POLYGON ((145.81824 -19.69543, 145.79916 -19.6...","{'lats': [-19.695433133235905, -19.69543211965559, -19.67736533756347, -19.677364324987632], 'lons': [145.81823718323068, 145.79916174698627, 145.79916174698627, 145.81823504395595]}"
146,S_k_2269,"                                            geometry
0  POLYGON ((145.79903 -19.52263, 145.77997 -19.5...","{'lats': [-19.52263330870648, -19.522632304724084, -19.504565176555968, -19.504564173575986], 'lons': [145.79902700734033, 145.77997193415905, 145.77997193415908, 145.79902489063358]}"
147,S_k_2270,"                                            geometry
0  POLYGON ((145.86972 -19.44543, 145.85068 -19.4...","{'lats': [-19.445433386684144, -19.44543238698327, -19.42736510503025, -19.427364106330877], 'lons': [145.86972249605063, 145.85067645047138, 145.85067645047138, 145.86972038939064]}"
148,S_k_2271,"                                            geometry
0  POLYGON ((145.87592 -19.37683, 145.85688 -19.3...","{'lats': [-19.37683345575926, -19.376832459859642, -19.35876504168345, -19.35876404678452], 'lons': [145.87591850533713, 145.856880445639, 145.856880445639, 145.8759164075864]}"
149,S_k_2272,"                                            geometry
0  POLYGON ((145.94822 -19.35133, 145.92918 -19.3...","{'lats': [-19.35133348138399, -19.35133248689658, -19.33326501818689, -19.33326402469986], 'lons': [145.94821702622554, 145.92918192640406, 145.92918192640406, 145.9482149317822]}"
150,S_k_2273,"                                            geometry
0  POLYGON ((145.92921 -19.27323, 145.91019 -19.2...","{'lats': [-19.27323355969074, -19.273232569525913, -19.25516494639417, -19.25516395722881], 'lons': [145.9292125106166, 145.91018644706978, 145.91018644706978, 145.9292104262882]}"
151,S_k_2274,"                                            geometry
0  POLYGON ((145.93971 -19.29573, 145.92069 -19.2...","{'lats': [-19.2957335371583, -19.295732545748574, -19.277664967050594, -19.277663976640607], 'lons': [145.939713809283, 145.92068514694768, 145.92068514694768, 145.93971172204283]}"
152,S_k_2276,"                                            geometry
0  POLYGON ((145.96752 -19.32543, 145.94848 -19.3...","{'lats': [-19.325433507381852, -19.32543251432837, -19.307364994349918, -19.307364002296517], 'lons': [145.96751552630454, 145.9484834280033, 145.9484834280033, 145.96751343521802]}"
153,S_k_2277,"                                            geometry
0  POLYGON ((145.91750 -19.13793, 145.89849 -19.1...","{'lats': [-19.137933694722225, -19.13793271203638, -19.119864822633602, -19.119863840945648], 'lons': [145.91750473954457, 145.89849422687604, 145.89849422687604, 145.91750267268714]}"
154,S_k_2278,"                                            geometry
0  POLYGON ((145.88380 -19.09723, 145.86480 -19.0...","{'lats': [-19.09723373518562, -19.097232754747214, -19.079164785557204, -19.07916380611622], 'lons': [145.88380241471174, 145.8647965543299, 145.8647965543299, 145.88380035309697]}"
155,S_k_2282,"                                            geometry
0  POLYGON ((146.61021 -19.27303, 146.59119 -19.2...","{'lats': [-19.273033559890933, -19.27303256973717, -19.25496494621066, -19.25496395705636], 'lons': [146.610212499081, 146.59118645861824, 146.59118645861824, 146.6102104147785]}"
156,S_k_2283,"                                            geometry
0  POLYGON ((146.70451 -19.22743, 146.68549 -19.2...","{'lats': [-19.22743360548892, -19.227432617857108, -19.209364904413246, -19.20936391778037], 'lons': [146.70450987271664, 146.68548908793, 146.68548908793, 146.7045077943097]}"
157,S_k_2284,"                                            geometry
0  POLYGON ((146.48652 -19.38463, 146.46748 -19.3...","{'lats': [-19.38463344791549, -19.384632451583816, -19.36656504887613, -19.36656405354523], 'lons': [146.48651895823826, 146.46747999223186, 146.4674799922319, 146.48651685947544]}"
158,S_k_2285,"                                            geometry
0  POLYGON ((146.38162 -19.44473, 146.36258 -19.4...","{'lats': [-19.444733387390027, -19.444732387727953, -19.426665104382852, -19.426664105722278], 'lons': [146.38162245524347, 146.36257649132403, 146.36257649132403, 146.3816203486745]}"
159,S_k_2286,"                                            geometry
0  POLYGON ((146.16102 -19.44103, 146.14198 -19.4...","{'lats': [-19.441033391120726, -19.441032391663754, -19.42296510096122, -19.422964102505702], 'lons': [146.1610222395779, 146.14197670723016, 146.14197670723016, 146.16102013348993]}"
160,S_k_2287,"                                            geometry
0  POLYGON ((146.16182 -19.38943, 146.14278 -19.3...","{'lats': [-19.389433443087253, -19.389432446489675, -19.371365053303677, -19.371364057706938], 'lons': [146.16181923705545, 146.14277971310324, 146.14277971310324, 146.16181713766966]}"
161,S_k_2288,"                                            geometry
0  POLYGON ((146.19322 -19.36773, 146.17418 -19.3...","{'lats': [-19.367733464906994, -19.367732469511388, -19.34966503329524, -19.349664038900215], 'lons': [146.19321797722898, 146.17418097433728, 146.17418097433728, 146.1932158806588]}"
162,S_k_2290,"                                            geometry
0  POLYGON ((146.09752 -19.46383, 146.07848 -19.4...","{'lats': [-19.463833368122135, -19.463832367401153, -19.445765122055025, -19.445764122335767], 'lons': [146.0975235693291, 146.0784753759968, 146.0784753759968, 146.0975214602765]}"
163,S_k_2291,"                                            geometry
0  POLYGON ((145.91212 -19.44033, 145.89308 -19.4...","{'lats': [-19.440333391826464, -19.440332392408294, -19.422265100313947, -19.42226410189722], 'lons': [145.91212219878184, 145.89307674807165, 145.89307674807165, 145.9121200927848]}"
164,S_k_2292,"                                            geometry
0  POLYGON ((145.52221 -19.28943, 145.50319 -19.2...","{'lats': [-19.28943354346959, -19.289432552408467, -19.271364961264627, -19.271363971203176], 'lons': [145.52221344547334, 145.50318551116504, 145.50318551116504, 145.5222113590487]}"
165,S_k_2293,"                                            geometry
0  POLYGON ((145.45431 -19.23823, 145.43529 -19.2...","{'lats': [-19.238233594697558, -19.238232606468568, -19.220164914304657, -19.22016392707473], 'lons': [145.4543104940769, 145.435288465872, 145.435288465872, 145.45430841427432]}"
166,S_k_2294,"                                            geometry
0  POLYGON ((145.42960 -19.12293, 145.41060 -19.1...","{'lats': [-19.122933709643423, -19.12293272778599, -19.104864808960865, -19.104863828101156], 'lons': [145.42960388203838, 145.4105950853487, 145.4105950853487, 145.42960181711385]}"
167,S_k_2295,"                                            geometry
0  POLYGON ((145.55279 -18.91343, 145.53381 -18.9...","{'lats': [-18.913433917016402, -18.913432946714103, -18.89536461900221, -18.895363649695213], 'lons': [145.55279198936017, 145.5338069914811, 145.5338069914811, 145.55278995134776]}"
168,S_k_2296,"                                            geometry
0  POLYGON ((145.48719 -18.86593, 145.46821 -18.8...","{'lats': [-18.865933963767098, -18.86593299608079, -18.847864576194077, -18.84786360950253], 'lons': [145.48718931463205, 145.46820966924903, 145.46820966924903, 145.4871872826999]}"
169,S_k_2297,"                                            geometry
0  POLYGON ((145.41389 -18.86713, 145.39491 -18.8...","{'lats': [-18.86713396258725, -18.86713299483487, -18.84906457727435, -18.849063610516748], 'lons': [145.41388938210554, 145.39490960169869, 145.39490960169869, 145.41388735001985]}"
170,S_k_2298,"                                            geometry
0  POLYGON ((145.28379 -18.93793, 145.26481 -18.9...","{'lats': [-18.937933892864233, -18.937932921212074, -18.91986464112001, -18.919863670463435], 'lons': [145.28379337208747, 145.2648056071844, 145.2648056071844, 145.28379133093586]}"
171,S_k_2302,"                                            geometry
0  POLYGON ((145.35322 -19.39503, 145.33418 -19.3...","{'lats': [-19.395033437453037, -19.395032440545222, -19.37696505847036, -19.376964062563452], 'lons': [145.35321956244695, 145.33417938734834, 145.33417938734834, 145.3532174623342]}"
172,S_k_2303,"                                            geometry
0  POLYGON ((145.27413 -19.55003, 145.25507 -19.5...","{'lats': [-19.550033280968687, -19.550032275465735, -19.531965202002404, -19.531964197502187], 'lons': [145.27412861367054, 145.2550703260435, 145.2550703260435, 145.27412649339266]}"
173,S_k_2304,"                                            geometry
0  POLYGON ((145.44854 -19.68743, 145.42946 -19.6...","{'lats': [-19.68743314138786, -19.687432128252336, -19.66936533008176, -19.66936431795062], 'lons': [145.44853670973626, 145.42946222100434, 145.42946222100434, 145.4485345715088]}"
174,S_k_2305,"                                            geometry
0  POLYGON ((145.50424 -19.69333, 145.48516 -19.6...","{'lats': [-19.693333135376054, -19.693332121912498, -19.67526533559925, -19.675264323140155], 'lons': [145.50423705891586, 145.48516187143846, 145.48516187143846, 145.50423491991606]}"
175,S_k_2306,"                                            geometry
0  POLYGON ((145.55923 -19.65453, 145.54016 -19.6...","{'lats': [-19.6545331748839, -19.65453216357712, -19.63646529934142, -19.63646428903863], 'lons': [145.559234764931, 145.54016416796136, 145.54016416796136, 145.5592326310079]}"
176,S_k_2309,"                                            geometry
0  POLYGON ((145.59893 -19.56583, 145.57987 -19.5...","{'lats': [-19.565833264959213, -19.56583225857921, -19.547765216690244, -19.547764211313176], 'lons': [145.59892954118197, 145.579869397502, 145.579869397502, 145.5989274188436]}"
177,S_k_2311,"                                            geometry
0  POLYGON ((145.58723 -19.53723, 145.56817 -19.5...","{'lats': [-19.537233293930502, -19.537232289137943, -19.519165190111075, -19.519164186321106], 'lons': [145.5872278629305, 145.56817107761773, 145.56817107761773, 145.58722574432124]}"
178,S_k_2312,"                                            geometry
0  POLYGON ((145.59333 -19.51423, 145.57427 -19.5...","{'lats': [-19.51423331720355, -19.514232313687213, -19.49616516876119, -19.49616416624717], 'lons': [145.59332651543184, 145.57427242661456, 145.57427242661456, 145.59332439981932]}"
179,S_k_2313,"                                            geometry
0  POLYGON ((145.54453 -19.49643, 145.52547 -19.4...","{'lats': [-19.496433335199217, -19.496432332670317, -19.478365152253534, -19.47836415072674], 'lons': [145.54452547389624, 145.52547346930893, 145.52547346930893, 145.54452336060157]}"
180,S_k_2314,"                                            geometry
0  POLYGON ((145.56953 -19.49813, 145.55047 -19.4...","{'lats': [-19.498133333481114, -19.49813233085792, -19.480065153829532, -19.48006415220846], 'lons': [145.56952557331937, 145.5504733697752, 145.5504733697752, 145.56952345980338]}"
181,S_k_2315,"                                            geometry
0  POLYGON ((145.60412 -19.44303, 145.58508 -19.4...","{'lats': [-19.4430333891042, -19.443032389536363, -19.42496510281067, -19.424964104244314], 'lons': [145.6041223561478, 145.58507659053026, 145.58507659053026, 145.6041202497998]}"
182,S_k_2317,"                                            geometry
0  POLYGON ((145.73855 -19.97163, 145.71945 -19.9...","{'lats': [-19.971632850111185, -19.971631821147867, -19.953565597508604, -19.953564569553134], 'lons': [145.73855367344603, 145.7194452386213, 145.7194452386213, 145.73855149786704]}"
183,S_k_2319,"                                            geometry
0  POLYGON ((146.02195 -19.86573, 146.00285 -19.8...","{'lats': [-19.865732959051257, -19.86573193599219, -19.8476654974651, -19.84766447541259], 'lons': [146.02194731793418, 146.00285160110917, 146.00285160110917, 146.02194515630896]}"
184,S_k_2320,"                                            geometry
0  POLYGON ((145.85144 -19.69673, 145.83236 -19.6...","{'lats': [-19.69673313191095, -19.696732118258346, -19.678665338779485, -19.678664326131383], 'lons': [145.85143726019547, 145.8323616699364, 145.8323616699364, 145.85143512075055]}"
185,S_k_2322,"                                            geometry
0  POLYGON ((145.60044 -19.70113, 145.58136 -19.7...","{'lats': [-19.701133127425965, -19.701132113528708, -19.68306534289581, -19.683064330003102], 'lons': [145.6004375207372, 145.58136140910662, 145.58136140910662, 145.60043538071614]}"
186,S_k_2323,"                                            geometry
0  POLYGON ((145.72044 -19.68863, 145.70136 -19.6...","{'lats': [-19.68863314016524, -19.688632126962993, -19.67056533120384, -19.670564319005997], 'lons': [145.7204367807456, 145.7013621499164, 145.7013621499164, 145.72043464236103]}"
187,S_k_2324,"                                            geometry
0  POLYGON ((145.77333 -19.52873, 145.75427 -19.5...","{'lats': [-19.528733302534068, -19.528732298213196, -19.510665182218307, -19.510664178899926], 'lons': [145.77332736471928, 145.75427157638273, 145.75427157638273, 145.7733252472177]}"
188,S_k_2325,"                                            geometry
0  POLYGON ((146.18945 -19.89053, 146.17035 -19.8...","{'lats': [-19.890532933582175, -19.89053190914112, -19.87246552085177, -19.872464497417567], 'lons': [146.18944880261563, 146.17035011479595, 146.17035011479595, 146.1894466377265]}"
189,S_k_2328,"                                            geometry
0  POLYGON ((146.35124 -19.71323, 146.33216 -19.7...","{'lats': [-19.713233115087966, -19.713232100517832, -19.695165354219878, -19.69516434065445], 'lons': [146.35123823758937, 146.3321606914623, 146.3321606914623, 146.35123609598367]}"
190,S_k_2329,"                                            geometry
0  POLYGON ((146.20404 -19.70523, 146.18496 -19.7...","{'lats': [-19.70523312324603, -19.705232109120775, -19.687165346732204, -19.687164333611562], 'lons': [146.204037763578, 146.18496116599746, 146.18496116599746, 146.20403562302005]}"
191,S_k_2330,"                                            geometry
0  POLYGON ((146.40143 -19.65313, 146.38236 -19.6...","{'lats': [-19.653133176308227, -19.653132165079253, -19.635065298034327, -19.635064287809328], 'lons': [146.4014346822604, 146.3823642507235, 146.3823642507235, 146.40143254852038]}"
192,S_k_2334,"                                            geometry
0  POLYGON ((145.29245 -19.82983, 145.27335 -19.8...","{'lats': [-19.8298329958733, -19.829831974814027, -19.811765463656393, -19.811764443603245], 'lons': [145.29244517271164, 145.27335374869162, 145.27335374869162, 145.2924430158071]}"
193,S_k_2335,"                                            geometry
0  POLYGON ((145.36494 -19.79663, 145.34586 -19.7...","{'lats': [-19.796633029877007, -19.796632010666357, -19.778565432438263, -19.77856441423332], 'lons': [145.36494319300851, 145.34585573057504, 145.34585573057504, 145.36494104046525]}"
194,S_k_2338,"                                            geometry
0  POLYGON ((145.74855 -19.82903, 145.72945 -19.8...","{'lats': [-19.829032996693222, -19.829031975678507, -19.810965462903614, -19.810964442895003], 'lons': [145.74854512496074, 145.72945379649508, 145.72945379649508, 145.74854296816133]}"
195,S_k_2339,"                                            geometry
0  POLYGON ((145.87634 -19.79613, 145.85726 -19.7...","{'lats': [-19.79613303038875, -19.79613201120593, -19.778065431968454, -19.77806441379134], 'lons': [145.8763431632244, 145.857255760392, 145.857255760392, 145.87634101074676]}"
196,S_k_2340,"                                            geometry
0  POLYGON ((145.91074 -19.79433, 145.89166 -19.7...","{'lats': [-19.79433303223093, -19.79433201314832, -19.77626543027726, -19.776264412200327], 'lons': [145.91074305600904, 145.8916558677255, 145.8916558677255, 145.9107409037678]}"
197,S_k_2341,"                                            geometry
0  POLYGON ((146.74602 -19.38713, 146.72698 -19.3...","{'lats': [-19.38713344540091, -19.387132448930746, -19.369065051182023, -19.36906405571267], 'lons': [146.7460191034452, 146.7269798468627, 146.7269798468627, 146.7460170043579]}"
198,S_k_2709,"                                            geometry
0  POLYGON ((145.65855 -19.98863, 145.63944 -19.9...","{'lats': [-19.988632832578688, -19.98863180266685, -19.97056561361188, -19.9705645847081], 'lons': [145.65855469750744, 145.63944421343808, 145.63944421343808, 145.65855251968452]}"
199,S_k_12227,"                                            geometry
0  POLYGON ((145.64170 -17.12914, 145.62290 -17.1...","{'lats': [-17.12913560418701, -17.12913473120406, -17.111063078525138, -17.111062206518344], 'lons': [145.6416969264863, 145.62290216594081, 145.62290216594081, 145.64169511167373]}"
